code,added_date
AC46AQH368,2025-06-19
XD6TWNAQ3D,2025-06-19
QMQCJK7WC7,2025-06-19
MTPMTWQ7QN,2025-06-19
HECR6ADEWK,2025-06-19
EAD6EXNA4A,2025-06-19
WFNRACM4RW,2025-06-19
JF3MYHDKWX,2025-06-19
DQTEXM8DMH,2025-06-19
HY6JJ74JTT,2025-06-19
JXC8R8KMCW,2025-06-19
RNAT7QJ6X3,2025-06-19
RAXFT7K8R7,2025-06-19
QXE6RHNE3R,2025-06-19
JMKADAWWWM,2025-06-19
XDKHDDPPKN,2025-06-19
PMHXDPHKQT,2025-06-19
MCPT3JF473,2025-06-19
WWMREDDIT,2025-06-19
PALACE0528,2025-06-19
HAPPY515,2025-06-19
WWMQC1,2025-06-19
WWMQC2,2025-06-19
WWMQC3,2025-06-19
WWMQC4,2025-06-19
WWMQC5,2025-06-19
WWMQC6,2025-06-19
WWMQC7,2025-06-19
WWMQC8,2025-06-19
WWMQC9,2025-06-19
WWMQC10,2025-06-19
WWMQC11,2025-06-19
WWMQC12,2025-06-19
WWMQC13,2025-06-19
WWMQC14,2025-06-19
WWMQC15,2025-06-19
WWMQC16,2025-06-19
WWMQC17,2025-06-19
WWMQC18,2025-06-19
WWMQC19,2025-06-19
WWMQC20,2025-06-19
WWMQC21,2025-06-19
WWMQC22,2025-06-19
WWMQC23,2025-06-19
WWMQC24,2025-06-19
WWMQC25,2025-06-19
WWMQC26,2025-06-19
WWMQC27,2025-06-19
WWMQC28,2025-06-19
WWMQC29,2025-06-19
WWMQC30,2025-06-19
QINCHUAN0430,2025-06-19
QINCHUANGOGO,2025-06-19
LIANGZHOUGO,2025-06-19
LIANGZHOU0402,2025-06-19
MEETINHEXI,2025-06-19
HEXI0306,2025-06-19
GOOSENEWS,2025-06-19
DEVLOG2601,2025-06-19
TF33HXJMJC,2025-06-19
YYSLSTIB,2025-06-19
WWMDEVTALK,2025-06-19
WWM251115,2025-06-19
WWMGLYOUTUBE,2025-06-19
WWMGLTIKTOK,2025-06-19
WWMGO1115,2025-06-19
WWMGO1114,2025-06-19
HOMESTEAD0625,2025-06-19
AMWHXMXNWW,2025-06-19
RNHRPD6FN8,2025-06-19
FN4DAJWAKD,2025-06-19
XMH4XRD6Q7,2025-06-19
KQ66HYWCMW,2025-06-19
MF3FQ3YCFR,2025-06-19
QSFKRPCT4Q,2025-06-19
KW7C4KCJ4F,2025-06-19
PW7WM4A33Y,2025-06-19
RXN43JTDTA,2025-06-19
EPFXQKJ8FX,2025-06-19
FQRR4HW38N,2025-06-19
JTATEPNY3W,2025-06-19
XCANFDTE8J,2025-06-19
TSCMFPNYRQ,2025-06-19
